filename,activity
20260907093550,0
20260907093600,0
20260907093610,0
20260907093620,0
20260907093630,0
20260907093640,0
20260907093650,0
20260907093700,0
20260907093710,0
20260907093720,0
20260907093730,0
20260907093740,0
20260907093750,2
20260907093800,0
20260907093810,0
20260907093820,0
20260907093850,0
20260907093900,0
20260907093910,2
20260907093920,0
20260907093930,0
20260907093940,0
20260907093950,0
20260907094000,0
20260907094010,0
20260907094020,0
20260907094030,0
20260907094040,0
20260907094100,0
20260907094110,0
20260907094120,0
20260907094130,0
20260907094140,0
20260907094150,0
20260907094200,0
20260907094210,0
20260907094220,0
20260907094230,0
20260907094240,0
20260907094250,0
20260907094300,0
20260907094310,0
20260907094320,0
20260907094330,0
20260907094340,0
20260907094350,0
20260907094400,0
20260907094410,0
20260907094420,0
20260907101300,0
20260907101310,0
20260907101320,0
20260907101330,0
20260907101340,0
20260907101350,0
20260907101400,0
20260907101410,0
20260907101420,0
20260907101430,0
20260907101440,0
20260907101450,0
20260907101500,0
20260907101510,0
20260907101520,0
20260907101530,1
20260907101540,1
20260907101550,2
20260907101600,1
20260907101610,0
20260907101620,2
20260907101630,0
20260907101640,2
20260907101650,1
20260907101700,0
20260907101710,2
20260907101720,0
20260907101730,2
20260907101740,0
20260907101750,1
20260907101800,1
20260907101810,2
20260907101820,0
20260907101830,1
20260907101840,1
20260907101850,1
20260907101900,1
20260907101910,2
20260907101920,1
20260907101930,1
20260907101940,2
20260907101950,1
20260907102000,0
20260907102010,0
20260907102020,1
20260907102030,0
20260907102040,2
20260907102050,0
20260907102100,1
20260907102110,1
20260907102120,2
20260907102130,1
20260907102140,1
20260907102150,1
20260907102200,1
20260907102210,0
20260907102220,0
20260907102230,0
20260907102240,0
20260907102250,2
20260907102300,2
20260907102310,1
20260907102320,2
20260907102330,2
20260907102340,1
20260907102350,1
20260907102400,1
20260907102410,2
20260907102420,2
20260907102430,1
20260907102440,2
20260907102450,0
20260907102500,2
20260907104340,0
20260907104350,0
20260907104400,0
20260907104450,0
20260907104500,0
20260907104510,0
20260907104520,1
20260907104530,2
20260907104540,0
20260907104550,1
20260907104600,1
20260907104610,1
20260907104620,0
20260907104630,0
20260907104640,0
20260907104650,0
20260907104700,2
20260907104710,0
20260907104720,0
20260907104730,0
20260907104740,0
20260907104750,0
20260907104800,0
20260907104810,0
20260907104820,0
20260907104830,0
20260907104840,0
20260907104850,0
20260907104900,0
20260907104910,0
20260907104920,2
20260907104930,0
20260907104940,2
20260907104950,0
20260907105000,1
20260907105010,2
20260907105020,2
20260907105030,1
20260907105040,1
20260907105050,1
20260907105100,0
20260907105110,0
20260907105120,2
20260907105130,2
20260907105140,2
20260907105150,2
20260907105200,2
20260907105210,1
20260907105220,1
20260907105230,1
20260907105240,2
20260907105250,1
20260907105300,0
20260907105310,2
20260907105320,0
20260907105330,1
20260907105340,1
20260907105350,0
20260907105400,0
20260907105410,2
20260907105420,0
20260907105430,0
20260907105440,1
20260907105450,1
20260907105500,0
20260907105510,0
20260907105520,0
20260907105530,0
20260907105540,2
20260907105550,1
20260907105600,2
20260907105610,0
20260907105620,1
20260907105630,0
20260907105640,2
20260907105650,0
20260907105700,1
20260907105710,0
20260907105720,1
20260907105730,0
20260907105740,0
20260907105750,0
20260907105800,2
20260907105810,2
20260907105820,0
20260907105830,0
20260907105840,1
20260907105850,1
20260907105900,2
20260907105910,0
20260907105920,0
20260907105930,1
20260907105940,0
20260907105950,0
20260907110000,1
20260907110010,0
20260907110020,0
20260907110030,0
20260907110040,0
20260907110050,0
20260907110100,0
20260907110110,1
20260907110120,0
20260907110130,0
20260907110140,1
20260907110150,2
20260907110200,2
20260907110210,0
20260907110220,2
20260907110230,2
20260907110240,2
20260907110250,0
20260907110300,0
20260907110310,2
20260907110320,0
20260907110330,0
20260907110340,1
20260907110350,0
20260907110400,0
20260907110410,2
20260907110420,0
20260907110430,1
20260907110440,1
20260907110450,0
20260907110500,2
20260907110510,0
20260907110520,1
20260907110530,0
20260907110540,0
20260907110550,0
20260907110600,0
20260907110610,0
20260907110620,0
20260907110630,0
20260907110640,0
20260907110650,2
20260907110700,0
20260907110710,0
20260907110720,0
20260907110730,2
20260907110740,2
20260907110750,2
20260907110800,1
20260907110810,1
20260907110820,0
20260907110830,2
20260907110840,2
20260907110850,0
20260907110900,1
20260907110910,2
20260907110920,1
20260907110930,2
20260907110940,2
20260907110950,2
20260907111000,2
20260907111010,2
20260907111020,0
20260907111030,0
20260907111040,0
20260907111050,0
20260907111100,2
20260907111110,0
20260907111120,0
20260907111130,0
20260907111140,1
20260907111150,2
20260907111200,2
20260907111210,0
20260907111220,0
20260907111230,0
